{"count":7,"results":[{"id":1,"name":"Stage 1 - Command Line Forensics","description":"You have a memory dump, and one of the processes, cmd.exe, seems suspicious. Analyze its handles, dump its memory, and find clues. The batch file might hold something interesting. Follow the trail, decode any encoded data, and retrieve the first flag.","max_attempts":0,"value":100,"category":"Walkthrough","type":"standard","state":"visible","requirements":{"prerequisites":[4]},"connection_info":null,"next_id":5,"attribution":null},{"id":3,"name":"Welcome to CYBERHAX miniCTF! \ud83c\udf89","description":"Welcome to CYBERHAX CTF! Before you start hacking away, let's go over the basics of using the platform and submitting flags correctly.\r\n\r\n1\ufe0f\u20e3 How Challenges Work\r\n\r\n* Each challenge will give you a scenario or problem to solve.\r\n* Your goal is to extract the hidden flag.\r\n\r\n2\ufe0f\u20e3 How to Submit Flags\r\n\r\n* All flags follow this format: cyberhax{flag_here}\r\n* If you find a flag like flag{example_flag}, only take what's inside the curly brackets and convert it to our format:\r\n* Example: flag{example_flag} \u2192 Submit as cyberhax{example_flag}\r\n* Each flag is case sensitive\r\n\r\n3\ufe0f\u20e3 Try It Now!\r\nYour first flag is right here: flag{welcome_to_cyberhax}, remember to only take what's inside the curly brackets\r\n\r\nFollow the rule and submit it correctly. \ud83d\ude80\r\n\r\nFlag Format: cyberhax{your_flag_here}\r\n\r\nGood luck, and have fun! \ud83c\udfaf\r\n\r\n\r\n\r\n\r\n\r\n\r\n\r\n","max_attempts":0,"value":50,"category":"Welcome","type":"standard","state":"hidden","requirements":null,"connection_info":null,"next_id":null,"attribution":null},{"id":4,"name":"Challenge Description","description":"My sister's computer crashed. We were very fortunate to recover this memory dump. Your job is get all her important files from the system. From what we remember, we suddenly saw a black window pop up with some thing being executed. When the crash happened, she was trying to draw something. Thats all we remember from the time of crash.\r\n\r\nNote: This challenge is composed of 3 flags.\r\n\r\nChallenge file: challenge-walkthrough.raw\r\n\r\n*This one has no flag, click submit to confirm you have read the challenge description.*","max_attempts":0,"value":50,"category":"Walkthrough","type":"standard","state":"visible","requirements":{"prerequisites":[3]},"connection_info":null,"next_id":null,"attribution":null},{"id":5,"name":"Stage 2 - The Painter\u2019s Secret","description":"A process named mspaint.exe was running during the memory capture. Your task is to extract memory associated with this process and check for any hidden images. The image might not be visible at first, play around with offsets, dimensions, and even rotation to reveal the flag.","max_attempts":0,"value":100,"category":"Walkthrough","type":"standard","state":"visible","requirements":{"prerequisites":[1]},"connection_info":null,"next_id":6,"attribution":null},{"id":6,"name":"Stage 3 - Cracking the RAR","description":"The winrar.exe process accessed an important file: Important.rar. You need to extract it, but there's a catch, it\u2019s password protected. Find Alissa Simpson\u2019s NTLM hash and use it to unlock the archive. Inside, you will find an image file containing the final flag.","max_attempts":0,"value":100,"category":"Walkthrough","type":"standard","state":"visible","requirements":{"prerequisites":[5]},"connection_info":null,"next_id":9,"attribution":null},{"id":9,"name":"A Lost Note","description":"> A user lost an important note and needs your help to recover it. Luckily, we have a memory dump of their system at the time. Use your forensics skills to find the note and retrieve the flag!\r\n>\r\n> \ud83d\udee0 **Hint:** The note might have been typed in a text editor or searched online. Try looking for running processes, browser history, or files containing text.\r\n\r\n**Files Provided:**\r\n- `lost-note.mem` (Memory Dump File)\r\n\r\n**Flag Format:** \r\nOriginal flag is `irisctf{flag_here}`, convert to `cyberhax{your_flag_here}` when submitting.","max_attempts":0,"value":500,"category":"Practice","type":"dynamic","state":"visible","requirements":{"prerequisites":[6]},"connection_info":null,"next_id":null,"attribution":null},{"id":10,"name":"Digital Shadows","description":"> A malicious script encrypted a very secret piece of information I had on my system. Can you recover the information for me please?\r\n>\r\n> Note-1: This challenge is composed of only 1 flag. The flag split into 2 parts.\r\n> Note-2: You'll need the first half of the flag to get the second.\r\n>\r\n> \ud83d\udee0 **Hint:** Look at running processes, open files, and registry entries. The flag might be hidden inside process memory!\r\n\r\nYou will need this additional tool to solve the challenge,\r\n`sudo apt install steghide`\r\n\r\n**Files Provided:**\r\n- `digital-shadows.raw` (Memory Dump File)\r\n\r\n**Flag Format:** \r\nOriginal flag is `inctf{flag_here}`, convert to `cyberhax{your_flag_here}` when submitting.","max_attempts":0,"value":500,"category":"Practice","type":"dynamic","state":"visible","requirements":{"prerequisites":[6]},"connection_info":null,"next_id":null,"attribution":null}],"meta":{}}