{"count":4,"results":[{"id":1,"type":"standard","location":"a9d8e3da898727e352714130c6d8277a/cyberhax_logo_transparent_on_dark_bg-compressed.png","challenge_id":null,"page_id":null,"sha1sum":"22b3236a5c1c0fbe4e1b848260fe44b6659ba447"},{"id":2,"type":"standard","location":"499fc8ab304affbb01e61f37cc24e9a9/brand.png","challenge_id":null,"page_id":null,"sha1sum":"84533554df63e56d7d0c06c2a19277ef41571b5a"},{"id":3,"type":"standard","location":"d31f3a4e644b6655e7f03610da8366b0/bannerCTFd.png","challenge_id":null,"page_id":null,"sha1sum":"c4749793f0c5b754b351bbecae2283b8194c1738"},{"id":4,"type":"standard","location":"c7e4b6c58c3cee9454b0445b04f95f93/brand.png","challenge_id":null,"page_id":null,"sha1sum":"84533554df63e56d7d0c06c2a19277ef41571b5a"}],"meta":{}}