{"count":6,"results":[{"id":1,"challenge_id":1,"type":"static","content":"cyberhax{th1s_1s_th3_1st_st4g3!!}","data":""},{"id":2,"challenge_id":3,"type":"static","content":"cyberhax{welcome_to_cyberhax}","data":""},{"id":3,"challenge_id":5,"type":"static","content":"cyberhax{G00d_BoY_good_girL}","data":""},{"id":4,"challenge_id":6,"type":"static","content":"cyberhax{w3ll_3rd_stage_was_easy}","data":""},{"id":6,"challenge_id":9,"type":"static","content":"cyberhax{i_am_an_idiot_with_bad_memory}","data":""},{"id":7,"challenge_id":10,"type":"static","content":"cyberhax{0n3_h4lf_1s_n0t_3n0ugh}","data":""}],"meta":{}}