{"count":2,"results":[{"id":1,"type":"standard","challenge_id":5,"content":"Use GIMP","cost":0,"requirements":{"prerequisites":[]}},{"id":2,"type":"standard","challenge_id":9,"content":"**Hints:**\n1. Use `PsTree` to check for running processes and their relationships.\n2. Look for common note-taking apps or web browsers.\n3. If you find a relevant process, dump its memory and search for readable text.\n4. If no process is found, try scanning for open files.","cost":0,"requirements":{"prerequisites":[]}}],"meta":{}}