{"count":1,"results":[{"id":1,"title":"TechTarik X Bash&Brew","route":"index","content":"<div class=\"row\">\r\n    <div class=\"col-md-6 offset-md-3\">\r\n        <img class=\"w-100 mx-auto d-block\" style=\"max-width: 500px;padding: 50px;padding-top: 14vh;\" src=\"/files/d31f3a4e644b6655e7f03610da8366b0/bannerCTFd.png\" />\r\n        <h3 class=\"text-center\">\r\n            <p>MiniCTF by <a href=\"https://cyberhax.club\">cyberhax.club</a></p>\r\n            <p>Follow us on social media:</p>\r\n            <a href=\"https://github.com/cyberhaxutp\"><i class=\"fab fa-github fa-2x\" aria-hidden=\"true\"></i></a>\r\n        </h3>\r\n        <br>\r\n        <h4 class=\"text-center\">\r\n            <a href=\"admin\">Click here</a> to login and setup your CTF\r\n        </h4>\r\n    </div>\r\n</div>","draft":0,"hidden":0,"auth_required":0,"format":"markdown","link_target":null}],"meta":{}}